<?xml version="1.0" encoding="UTF-8"?>
<beans xmlns="http://www.springframework.org/schema/beans"
       xmlns:ate="http://www.bigtester.org/schema/ate" 
       xmlns:xsi="http://www.w3.org/2001/XMLSchema-instance"
       xmlns:aop="http://www.springframework.org/schema/aop"
       xsi:schemaLocation="http://www.springframework.org/schema/beans 
                           http://www.springframework.org/schema/beans/spring-beans-4.0.xsd 
                           http://www.springframework.org/schema/aop 
                           http://www.springframework.org/schema/aop/spring-aop-4.0.xsd
                           http://www.bigtester.org/schema/ate 
                           http://www.bigtester.org/schema/ate/ate-2.0.xsd">
	                       
	<!-- this registers beans annotated with @Aspect -->
	<aop:aspectj-autoproxy/>

	<import resource="classpath:META-INF/logger-reporter.xml" />
	<import resource="classpath:META-INF/page_base_bean.xml" />

	<ate:regularPage id="poLoginForm" />

	
	
    <!-- elementActionDef definition -->
	<ate:elementActionDef id="eadTypeLoginUserName"   elementFind="efLoginUserName" elementAction="eaTypeLoginUserName" />
	<ate:elementFindById id="efLoginUserName" findByValue="modlgn_username" />
	<ate:sendKeysAction id="eaTypeLoginUserName" dataValue="peidonghu1x" />
<!-- 	<ate:fileDataHolder id="userNameValue" dataValueID="1"/> -->

	<!-- elementActionDef definition -->
	<ate:elementActionDef id="eadTypeLoginPassword"   elementFind="efLoginPassword" elementAction="eaTypeLoginPassword" />
	<ate:elementFindById id="efLoginPassword" findByValue="modlgn_passwd" />
	<ate:sendKeysAction id="eaTypeLoginPassword" dataValue="pa1x" />
<!-- 	<ate:fileDataHolder id="loginPasswordEAValue" dataValueID="3"/> -->

	<!-- elementActionDef definition -->
	<ate:elementActionDef id="eadLoginWrongPassword" elementFind="efLoginPassword" elementAction="eaTypeLoginWrongPassword"/>
	<ate:sendKeysAction id="eaTypeLoginWrongPassword" dataValue="pa2x" />
<!-- 	<ate:fileDataHolder id="eaLoginWrongPassword" dataValueID="4"/> -->

	<!-- elementActionDef definition -->
	<ate:elementActionDef id="eadClickLoginButton" elementFind="efLoginButton" elementAction="eaLoginButtonClick" />
	<ate:elementFindByXpath id="efLoginButton" findByValue="//button[@type='submit']" />
	<ate:clickAction id="eaLoginButtonClick" />

<!-- 	<ate:runTimeDataHolder id="wrongCode1" dataHolderType="PageSourceParsed" dataType="Text" pageHtmlLeftBoundry="Oops" pageHtmlRightBoundry="ong password" page="poHomePage"/> -->

    <!-- elementActionDef definition -->
	<ate:elementActionDef id="eadClickCreateAnAccountLink" elementFind="efCreateAccountLink" elementAction="eaClickCreateAccountLink"/>
	<ate:elementFindById id="efCreateAccountLink"	findByValue="register-btn" />
	<ate:clickAction id="eaClickCreateAccountLink" />


</beans>