<?xml version="1.0" encoding="utf-8" standalone="yes"?>
<root>
    <windows>
        <driver id="internetexplorer">
            <version id="2.45.0">
                <bitrate sixtyfourbit="true">
                    <filelocation>http://selenium-release.storage.googleapis.com/2.45/IEDriverServer_x64_2.45.0.zip</filelocation>
                    <hash>b3cdacc846d7b9c3f8fb8b70af0a9cfc5839bd83</hash>
                    <hashtype>sha1</hashtype>
                </bitrate>
                <bitrate thirtytwobit="true">
                    <filelocation>http://selenium-release.storage.googleapis.com/2.45/IEDriverServer_Win32_2.45.0.zip</filelocation>
                    <hash>cc822d30efe3119b76af9265c47d42fca208f85a</hash>
                    <hashtype>sha1</hashtype>
                </bitrate>
            </version>
        </driver>
        <driver id="googlechrome">
            <version id="2.15">
                <bitrate thirtytwobit="true" sixtyfourbit="true">
                    <filelocation>http://chromedriver.storage.googleapis.com/2.15/chromedriver_win32.zip</filelocation>
                    <hash>23d8c1a6a96f85f21f5b06c7df1000dd82e0d3be</hash>
                    <hashtype>sha1</hashtype>
                </bitrate>
            </version>
        </driver>
         <driver id="operachromium">
            <version id="0.2.0">
                <bitrate thirtytwobit="true" sixtyfourbit="true">
                    <filelocation>https://github.com/operasoftware/operachromiumdriver/releases/download/v0.2.0/operadriver_win32.zip</filelocation>
                    <hash>9fd02b69d95e63681a52ff85d907cc03c103bc8b</hash>
                    <hashtype>sha1</hashtype>
                </bitrate>
            </version>
        </driver>
    </windows>
    <linux>
        <driver id="googlechrome">
            <version id="2.15">
                <bitrate sixtyfourbit="true">
                    <filelocation>http://chromedriver.storage.googleapis.com/2.15/chromedriver_linux64.zip</filelocation>
                    <hash>ebc3e490e9a91497377b8d04e4c8b7ab4020674f</hash>
                    <hashtype>sha1</hashtype>
                </bitrate>
                <bitrate thirtytwobit="true">
                    <filelocation>http://chromedriver.storage.googleapis.com/2.15/chromedriver_linux32.zip</filelocation>
                    <hash>419c9689ccf176df6dd76fa233e91c269b31644c</hash>
                    <hashtype>sha1</hashtype>
                </bitrate>
            </version>
        </driver>
        <driver id="operachromium">
            <version id="0.2.0">
                <bitrate sixtyfourbit="true">
                    <filelocation>https://github.com/operasoftware/operachromiumdriver/releases/download/v0.2.0/operadriver_linux64.zip</filelocation>
                    <hash>862cf45ccbf679b7df140897729ecc843e712fd8</hash>
                    <hashtype>sha1</hashtype> 
                </bitrate>
                <bitrate thirtytwobit="true">
                    <filelocation>https://github.com/operasoftware/operachromiumdriver/releases/download/v0.2.0/operadriver_linux32.zip</filelocation>
                    <hash>2ae7b603084d5a48c9fb540f81247e2dd1732c9b</hash>
                    <hashtype>sha1</hashtype>
                </bitrate>
            </version>
        </driver>
    </linux>
    <osx>
        <driver id="googlechrome">
            <version id="2.15">
                <bitrate thirtytwobit="true" sixtyfourbit="true">
                    <filelocation>http://chromedriver.storage.googleapis.com/2.15/chromedriver_mac32.zip</filelocation>
                    <hash>2c7cb03dff95f37f2558f42d2c0521098e24f27f</hash>
                    <hashtype>sha1</hashtype>
                </bitrate>
            </version>
        </driver>
       <driver id="operachromium">
            <version id="0.2.0">
                <bitrate sixtyfourbit="true">
                    <filelocation>https://github.com/operasoftware/operachromiumdriver/releases/download/v0.2.0/operadriver_mac64.zip</filelocation>
                    <hash>e20a5a424708aaa27eaf69c51319b0bfa5326ac9</hash>
                    <hashtype>sha1</hashtype> 
                </bitrate>
                <bitrate thirtytwobit="true">
                    <filelocation>https://github.com/operasoftware/operachromiumdriver/releases/download/v0.1.0/operadriver_mac32.zip</filelocation>
                    <hash>7ab79a1c70bb0f5998b9c5c8d08160ef86b618e9</hash>
                    <hashtype>sha1</hashtype>
                </bitrate>
            </version>
        </driver>
    </osx>
</root>
