<?xml version="1.0" encoding="UTF-8"?>
<beans xmlns="http://www.springframework.org/schema/beans"
	   xmlns:ate="http://www.bigtester.org/schema/ate" 
	   xmlns:xsi="http://www.w3.org/2001/XMLSchema-instance"
	   xmlns:aop="http://www.springframework.org/schema/aop"
	   xsi:schemaLocation="http://www.springframework.org/schema/beans 
	                       http://www.springframework.org/schema/beans/spring-beans-4.0.xsd
	                       http://www.springframework.org/schema/aop 
	                       http://www.springframework.org/schema/aop/spring-aop-4.0.xsd
	                       http://www.bigtester.org/schema/ate 
	                       http://www.bigtester.org/schema/ate/ate-2.0.xsd">
	                       
	<!-- this registers beans annotated with @Aspect -->
	<aop:aspectj-autoproxy />

	<import resource="classpath:META-INF/logger-reporter.xml" />
	<import resource="classpath:META-INF/page_base_bean.xml" />
	<import resource="classpath:META-INF/case_base_bean.xml" />
	<import resource="../pageObjects/homePage.xml" />
	<import resource="../pageObjects/lastPage.xml" />
	
	<!-- 
	<ate:firefoxDriver  />  
	<ate:chromeDriver   />
	<ate:IEDriver       />
	<ate:safariDriver   />
	<ate:operaDriver    />
	<ate:htmlUnitDriver />
      -->
	<ate:firefoxDriver       />
	
	<!-- here test case id has to be "testcase" -->
	<ate:testCase id="testcase" testCaseName="Bigtester home page test case">
	
		<ate:homeStep id="stepOpenBigtesterHomePage" stepName="stepOpenBigtesterHomePage"
			stepDescription="open bigtester.com home step" targetStep="true" pageObject="poHomePage">
		</ate:homeStep>
		<ate:elementStep id="stepClickHomepageEnglishLink"
			stepDescription="Click homepage english link" stepName="stepClickHomepageEnglishLink" optionalStep="true"
			targetStep="false" elementActionDef="eadClickHomepageEnglish" pageObject="poHomePage">
		</ate:elementStep>
		<ate:elementStep id="stepUserLogintypeUsername"
			stepDescription="type in public user name" stepName="stepUserLogintypeUsername"
			targetStep="false" elementActionDef="eadTypeLoginUserName" pageObject="poHomePage">
		</ate:elementStep>
		<ate:elementStep id="stepUserLoginTypePassword"
			stepDescription="type in public user password" stepName="stepUserLoginTypePassword"
			targetStep="false" elementActionDef="eadTypeLoginPassword" pageObject="poHomePage">
		</ate:elementStep>
	<!-- 	<ate:elementStep id="publicLogin_clickLoginButton"
			stepDescription="click Login button to log in" stepName="clickLoginButton"
			targetStep="true" elementActionDef="clickLoginButtonWE" pageObject="homePage">
			<property name="expectedResultAsserter">
				<list>
					<ref bean="publicLoginDashBoardPropertyAsserter" />
					<ref bean="publicLoginDashBoardElementExistenceAsserter" />
				</list>
			</property>
		</ate:elementStep>
		<ate:elementStep id="publicLogin_clickLogoutLink"
			stepDescription="logout user" stepName="logoutUser"
			targetStep="false" elementActionDef="logoutUser">
		</ate:elementStep> -->
		<ate:lastStep id="stepLaststep" stepName="stepLaststep"
			stepDescription="last step close browser" targetStep="false" pageObject="poLastPage">
		</ate:lastStep>

	</ate:testCase>
</beans>